Workbook

Sheet Raw
A1: Experiment | B1: Prefetcher | C1: Trace | D1: Mode | E1: Warmup (M instr) | F1: Simulated (M instr) | G1: IPC | H1: STLB MPKI | I1: STLB misses for L1D prefetches | J1: Page-cross pf requests | K1: L1D pf useful | L1: L1D pf useless | M1: L1D pf late
A2: CP1 | B2: IP-stride | C2: Trace1 | D2: discard | E2: 25 | F2: 25 | G2: 0.233452 | H2: 2.85508 | I2: 2 | J2: 0 | K2: 16329 | L2: 8843 | M2: 2836
A3: CP1 | B3: IP-stride | C3: Trace1 | D3: permit | E3: 25 | F3: 25 | G3: 0.233442 | H3: 2.85568 | I3: 122 | J3: 33740 | K3: 16839 | L3: 9207 | M3: 2969
A4: CP1 | B4: IP-stride | C4: Trace2 | D4: discard | E4: 25 | F4: 25 | G4: 0.25126 | H4: 2.72636 | I4: 0 | J4: 0 | K4: 4407 | L4: 6344 | M4: 276
A5: CP1 | B5: IP-stride | C5: Trace2 | D5: permit | E5: 25 | F5: 25 | G5: 0.251264 | H5: 2.72664 | I5: 18 | J5: 8390 | K5: 4477 | L5: 6401 | M5: 300
A6: CP1 | B6: IP-stride | C6: Trace3 | D6: discard | E6: 25 | F6: 25 | G6: 0.382862 | H6: 0.93412 | I6: 0 | J6: 0 | K6: 2729 | L6: 10627 | M6: 3058
A7: CP1 | B7: IP-stride | C7: Trace3 | D7: permit | E7: 25 | F7: 25 | G7: 0.382877 | H7: 0.937 | I7: 82 | J7: 16303 | K7: 2767 | L7: 10950 | M7: 3147
A8: d8 | B8: IP-stride deg 8 | C8: Trace1 | D8: discard | E8: 25 | F8: 25 | G8: 0.233154 | H8: 2.85504 | I8: 2 | J8: 0 | K8: 23595 | L8: 22985 | M8: 2013
A9: d8 | B9: IP-stride deg 8 | C9: Trace1 | D9: permit | E9: 25 | F9: 25 | G9: 0.233124 | H9: 2.85644 | I9: 225 | J9: 167824 | K9: 24995 | L9: 25466 | M9: 2037
A10: d8 | B10: IP-stride deg 8 | C10: Trace2 | D10: discard | E10: 25 | F10: 25 | G10: 0.25115 | H10: 2.7264 | I10: 0 | J10: 0 | K10: 7054 | L10: 17321 | M10: 166
A11: d8 | B11: IP-stride deg 8 | C11: Trace2 | D11: permit | E11: 25 | F11: 25 | G11: 0.251016 | H11: 2.73532 | I11: 104 | J11: 43103 | K11: 7678 | L11: 19425 | M11: 186
A12: d8 | B12: IP-stride deg 8 | C12: Trace3 | D12: discard | E12: 25 | F12: 25 | G12: 0.382807 | H12: 0.93412 | I12: 0 | J12: 0 | K12: 5129 | L12: 27488 | M12: 2235
A13: d8 | B13: IP-stride deg 8 | C13: Trace3 | D13: permit | E13: 25 | F13: 25 | G13: 0.382756 | H13: 0.9418 | I13: 216 | J13: 85007 | K13: 5249 | L13: 29240 | M13: 2330
... A97: s17_d16 | B97: IP-stride deg 16 | C97: 623.xalancbmk_s-10B | D97: permit | E97: 25 | F97: 25 | G97: 0.273936 | H97: 5.07908 | I97: 4385 | J97: 93751 | K97: 8188 | L97: 36989 | M97: 121

Sheet PA2 traces
A1: PA2 traces, IP-stride degree 3, 25M warm-up + 25M simulated
A3: Table 1: performance
A4: Trace | B4: IPC Discard | C4: IPC Permit | D4: Speedup (Permit / Discard) | E4: STLB MPKI Discard | F4: STLB MPKI Permit
A5: Trace1 | B5: =SUMIFS(Raw!$G:$G,Raw!$A:$A,"CP1",Raw!$C:$C,$A5,Raw!$D:$D,"discard") -> 0.233452 | C5: =SUMIFS(Raw!$G:$G,Raw!$A:$A,"CP1",Raw!$C:$C,$A5,Raw!$D:$D,"permit") -> 0.233442 | D5: =C5/B5 -> 0.99995716 | E5: =SUMIFS(Raw!$H:$H,Raw!$A:$A,"CP1",Raw!$C:$C,$A5,Raw!$D:$D,"discard") -> 2.85508 | F5: =SUMIFS(Raw!$H:$H,Raw!$A:$A,"CP1",Raw!$C:$C,$A5,Raw!$D:$D,"permit") -> 2.85568
A6: Trace2 | B6: =SUMIFS(Raw!$G:$G,Raw!$A:$A,"CP1",Raw!$C:$C,$A6,Raw!$D:$D,"discard") -> 0.25126 | C6: =SUMIFS(Raw!$G:$G,Raw!$A:$A,"CP1",Raw!$C:$C,$A6,Raw!$D:$D,"permit") -> 0.251264 | D6: =C6/B6 -> 1.0000159 | E6: =SUMIFS(Raw!$H:$H,Raw!$A:$A,"CP1",Raw!$C:$C,$A6,Raw!$D:$D,"discard") -> 2.72636 | F6: =SUMIFS(Raw!$H:$H,Raw!$A:$A,"CP1",Raw!$C:$C,$A6,Raw!$D:$D,"permit") -> 2.72664
A7: Trace3 | B7: =SUMIFS(Raw!$G:$G,Raw!$A:$A,"CP1",Raw!$C:$C,$A7,Raw!$D:$D,"discard") -> 0.382862 | C7: =SUMIFS(Raw!$G:$G,Raw!$A:$A,"CP1",Raw!$C:$C,$A7,Raw!$D:$D,"permit") -> 0.382877 | D7: =C7/B7 -> 1.0000392 | E7: =SUMIFS(Raw!$H:$H,Raw!$A:$A,"CP1",Raw!$C:$C,$A7,Raw!$D:$D,"discard") -> 0.93412 | F7: =SUMIFS(Raw!$H:$H,Raw!$A:$A,"CP1",Raw!$C:$C,$A7,Raw!$D:$D,"permit") -> 0.937
A8: Geomean | D8: =GEOMEAN(D5:D7) -> 1.0000041
A10: Table 2: page-cross prefetches (Permit) and change vs Discard
A11: Trace | B11: Page-cross requests (Permit) | C11: STLB misses for prefetches (Permit) | D11: % page-cross needing walk | E11: Change in useful pf | F11: Change in useless pf | G11: Change in late pf
A12: Trace1 | B12: =SUMIFS(Raw!$J:$J,Raw!$A:$A,"CP1",Raw!$C:$C,$A12,Raw!$D:$D,"permit") -> 33740 | C12: =SUMIFS(Raw!$I:$I,Raw!$A:$A,"CP1",Raw!$C:$C,$A12,Raw!$D:$D,"permit") -> 122 | D12: =C12/B12 -> 0.0036158862 | E12: =SUMIFS(Raw!$K:$K,Raw!$A:$A,"CP1",Raw!$C:$C,$A12,Raw!$D:$D,"permit")-SUMIFS(Raw!$K:$K,Raw!$A:$A,"CP1",Raw!$C:$C,$A12,Raw!$D:$D,"discard") -> 510 | F12: =SUMIFS(Raw!$L:$L,Raw!$A:$A,"CP1",Raw!$C:$C,$A12,Raw!$D:$D,"permit")-SUMIFS(Raw!$L:$L,Raw!$A:$A,"CP1",Raw!$C:$C,$A12,Raw!$D:$D,"discard") -> 364 | G12: =SUMIFS(Raw!$M:$M,Raw!$A:$A,"CP1",Raw!$C:$C,$A12,Raw!$D:$D,"permit")-SUMIFS(Raw!$M:$M,Raw!$A:$A,"CP1",Raw!$C:$C,$A12,Raw!$D:$D,"discard") -> 133
A13: Trace2 | B13: =SUMIFS(Raw!$J:$J,Raw!$A:$A,"CP1",Raw!$C:$C,$A13,Raw!$D:$D,"permit") -> 8390 | C13: =SUMIFS(Raw!$I:$I,Raw!$A:$A,"CP1",Raw!$C:$C,$A13,Raw!$D:$D,"permit") -> 18 | D13: =C13/B13 -> 0.0021454112 | E13: =SUMIFS(Raw!$K:$K,Raw!$A:$A,"CP1",Raw!$C:$C,$A13,Raw!$D:$D,"permit")-SUMIFS(Raw!$K:$K,Raw!$A:$A,"CP1",Raw!$C:$C,$A13,Raw!$D:$D,"discard") -> 70 | F13: =SUMIFS(Raw!$L:$L,Raw!$A:$A,"CP1",Raw!$C:$C,$A13,Raw!$D:$D,"permit")-SUMIFS(Raw!$L:$L,Raw!$A:$A,"CP1",Raw!$C:$C,$A13,Raw!$D:$D,"discard") -> 57 | G13: =SUMIFS(Raw!$M:$M,Raw!$A:$A,"CP1",Raw!$C:$C,$A13,Raw!$D:$D,"permit")-SUMIFS(Raw!$M:$M,Raw!$A:$A,"CP1",Raw!$C:$C,$A13,Raw!$D:$D,"discard") -> 24
A14: Trace3 | B14: =SUMIFS(Raw!$J:$J,Raw!$A:$A,"CP1",Raw!$C:$C,$A14,Raw!$D:$D,"permit") -> 16303 | C14: =SUMIFS(Raw!$I:$I,Raw!$A:$A,"CP1",Raw!$C:$C,$A14,Raw!$D:$D,"permit") -> 82 | D14: =C14/B14 -> 0.0050297491 | E14: =SUMIFS(Raw!$K:$K,Raw!$A:$A,"CP1",Raw!$C:$C,$A14,Raw!$D:$D,"permit")-SUMIFS(Raw!$K:$K,Raw!$A:$A,"CP1",Raw!$C:$C,$A14,Raw!$D:$D,"discard") -> 38 | F14: =SUMIFS(Raw!$L:$L,Raw!$A:$A,"CP1",Raw!$C:$C,$A14,Raw!$D:$D,"permit")-SUMIFS(Raw!$L:$L,Raw!$A:$A,"CP1",Raw!$C:$C,$A14,Raw!$D:$D,"discard") -> 323 | G14: =SUMIFS(Raw!$M:$M,Raw!$A:$A,"CP1",Raw!$C:$C,$A14,Raw!$D:$D,"permit")-SUMIFS(Raw!$M:$M,Raw!$A:$A,"CP1",Raw!$C:$C,$A14,Raw!$D:$D,"discard") -> 89
A16: Observations
A17: Permit does not change IPC: geomean speedup 1.00000.
A18: STLB MPKI is almost the same, so no visible STLB pollution.
A19: Only 0.2% to 0.5% of page-cross requests miss in the STLB.
A20: Few page-cross requests bring new lines. Trace3 gets mostly useless ones.

Sheet Degree sweep
A1: IP-stride degree sweep on the PA2 traces, Permit vs Discard, 25M warm-up + 25M simulated
A3: Table 3: speedup (Permit IPC / Discard IPC)
A4: Experiment tag | B4: Degree | C4: Trace1 | D4: Trace2 | E4: Trace3 | F4: Geomean
A5: CP1 | B5: 3 | C5: =SUMIFS(Raw!$G:$G,Raw!$A:$A,"CP1",Raw!$C:$C,"Trace1",Raw!$D:$D,"permit")/SUMIFS(Raw!$G:$G,Raw!$A:$A,"CP1",Raw!$C:$C,"Trace1",Raw!$D:$D,"discard") -> 0.99995716 | D5: =SUMIFS(Raw!$G:$G,Raw!$A:$A,"CP1",Raw!$C:$C,"Trace2",Raw!$D:$D,"permit")/SUMIFS(Raw!$G:$G,Raw!$A:$A,"CP1",Raw!$C:$C,"Trace2",Raw!$D:$D,"discard") -> 1.0000159 | E5: =SUMIFS(Raw!$G:$G,Raw!$A:$A,"CP1",Raw!$C:$C,"Trace3",Raw!$D:$D,"permit")/SUMIFS(Raw!$G:$G,Raw!$A:$A,"CP1",Raw!$C:$C,"Trace3",Raw!$D:$D,"discard") -> 1.0000392 | F5: =GEOMEAN(C5:E5) -> 1.0000041
A6: d8 | B6: 8 | C6: =SUMIFS(Raw!$G:$G,Raw!$A:$A,"d8",Raw!$C:$C,"Trace1",Raw!$D:$D,"permit")/SUMIFS(Raw!$G:$G,Raw!$A:$A,"d8",Raw!$C:$C,"Trace1",Raw!$D:$D,"discard") -> 0.99987133 | D6: =SUMIFS(Raw!$G:$G,Raw!$A:$A,"d8",Raw!$C:$C,"Trace2",Raw!$D:$D,"permit")/SUMIFS(Raw!$G:$G,Raw!$A:$A,"d8",Raw!$C:$C,"Trace2",Raw!$D:$D,"discard") -> 0.99946645 | E6: =SUMIFS(Raw!$G:$G,Raw!$A:$A,"d8",Raw!$C:$C,"Trace3",Raw!$D:$D,"permit")/SUMIFS(Raw!$G:$G,Raw!$A:$A,"d8",Raw!$C:$C,"Trace3",Raw!$D:$D,"discard") -> 0.99986677 | F6: =GEOMEAN(C6:E6) -> 0.99973483
A7: d16 | B7: 16 | C7: =SUMIFS(Raw!$G:$G,Raw!$A:$A,"d16",Raw!$C:$C,"Trace1",Raw!$D:$D,"permit")/SUMIFS(Raw!$G:$G,Raw!$A:$A,"d16",Raw!$C:$C,"Trace1",Raw!$D:$D,"discard") -> 0.99941067 | D7: =SUMIFS(Raw!$G:$G,Raw!$A:$A,"d16",Raw!$C:$C,"Trace2",Raw!$D:$D,"permit")/SUMIFS(Raw!$G:$G,Raw!$A:$A,"d16",Raw!$C:$C,"Trace2",Raw!$D:$D,"discard") -> 0.99945099 | E7: =SUMIFS(Raw!$G:$G,Raw!$A:$A,"d16",Raw!$C:$C,"Trace3",Raw!$D:$D,"permit")/SUMIFS(Raw!$G:$G,Raw!$A:$A,"d16",Raw!$C:$C,"Trace3",Raw!$D:$D,"discard") -> 0.99926968 | F7: =GEOMEAN(C7:E7) -> 0.99937711
A8: d32 | B8: 32 | C8: =SUMIFS(Raw!$G:$G,Raw!$A:$A,"d32",Raw!$C:$C,"Trace1",Raw!$D:$D,"permit")/SUMIFS(Raw!$G:$G,Raw!$A:$A,"d32",Raw!$C:$C,"Trace1",Raw!$D:$D,"discard") -> 0.99941067 | D8: =SUMIFS(Raw!$G:$G,Raw!$A:$A,"d32",Raw!$C:$C,"Trace2",Raw!$D:$D,"permit")/SUMIFS(Raw!$G:$G,Raw!$A:$A,"d32",Raw!$C:$C,"Trace2",Raw!$D:$D,"discard") -> 0.99945099 | E8: =SUMIFS(Raw!$G:$G,Raw!$A:$A,"d32",Raw!$C:$C,"Trace3",Raw!$D:$D,"permit")/SUMIFS(Raw!$G:$G,Raw!$A:$A,"d32",Raw!$C:$C,"Trace3",Raw!$D:$D,"discard") -> 0.99926968 | F8: =GEOMEAN(C8:E8) -> 0.99937711
A11: Table 4: STLB misses for L1D prefetches (Permit)
A12: Experiment tag | B12: Degree | C12: Trace1 | D12: Trace2 | E12: Trace3
A13: CP1 | B13: 3 | C13: =SUMIFS(Raw!$I:$I,Raw!$A:$A,"CP1",Raw!$C:$C,"Trace1",Raw!$D:$D,"permit") -> 122 | D13: =SUMIFS(Raw!$I:$I,Raw!$A:$A,"CP1",Raw!$C:$C,"Trace2",Raw!$D:$D,"permit") -> 18 | E13: =SUMIFS(Raw!$I:$I,Raw!$A:$A,"CP1",Raw!$C:$C,"Trace3",Raw!$D:$D,"permit") -> 82
A14: d8 | B14: 8 | C14: =SUMIFS(Raw!$I:$I,Raw!$A:$A,"d8",Raw!$C:$C,"Trace1",Raw!$D:$D,"permit") -> 225 | D14: =SUMIFS(Raw!$I:$I,Raw!$A:$A,"d8",Raw!$C:$C,"Trace2",Raw!$D:$D,"permit") -> 104 | E14: =SUMIFS(Raw!$I:$I,Raw!$A:$A,"d8",Raw!$C:$C,"Trace3",Raw!$D:$D,"permit") -> 216
A15: d16 | B15: 16 | C15: =SUMIFS(Raw!$I:$I,Raw!$A:$A,"d16",Raw!$C:$C,"Trace1",Raw!$D:$D,"permit") -> 286 | D15: =SUMIFS(Raw!$I:$I,Raw!$A:$A,"d16",Raw!$C:$C,"Trace2",Raw!$D:$D,"permit") -> 202 | E15: =SUMIFS(Raw!$I:$I,Raw!$A:$A,"d16",Raw!$C:$C,"Trace3",Raw!$D:$D,"permit") -> 393
A16: d32 | B16: 32 | C16: =SUMIFS(Raw!$I:$I,Raw!$A:$A,"d32",Raw!$C:$C,"Trace1",Raw!$D:$D,"permit") -> 286 | D16: =SUMIFS(Raw!$I:$I,Raw!$A:$A,"d32",Raw!$C:$C,"Trace2",Raw!$D:$D,"permit") -> 202 | E16: =SUMIFS(Raw!$I:$I,Raw!$A:$A,"d32",Raw!$C:$C,"Trace3",Raw!$D:$D,"permit") -> 393
A19: Table 5: STLB MPKI increase (Permit minus Discard)
A20: Experiment tag | B20: Degree | C20: Trace1 | D20: Trace2 | E20: Trace3
A21: CP1 | B21: 3 | C21: =SUMIFS(Raw!$H:$H,Raw!$A:$A,"CP1",Raw!$C:$C,"Trace1",Raw!$D:$D,"permit")-SUMIFS(Raw!$H:$H,Raw!$A:$A,"CP1",Raw!$C:$C,"Trace1",Raw!$D:$D,"discard") -> 0.0006 | D21: =SUMIFS(Raw!$H:$H,Raw!$A:$A,"CP1",Raw!$C:$C,"Trace2",Raw!$D:$D,"permit")-SUMIFS(Raw!$H:$H,Raw!$A:$A,"CP1",Raw!$C:$C,"Trace2",Raw!$D:$D,"discard") -> 0.00028 | E21: =SUMIFS(Raw!$H:$H,Raw!$A:$A,"CP1",Raw!$C:$C,"Trace3",Raw!$D:$D,"permit")-SUMIFS(Raw!$H:$H,Raw!$A:$A,"CP1",Raw!$C:$C,"Trace3",Raw!$D:$D,"discard") -> 0.00288
A22: d8 | B22: 8 | C22: =SUMIFS(Raw!$H:$H,Raw!$A:$A,"d8",Raw!$C:$C,"Trace1",Raw!$D:$D,"permit")-SUMIFS(Raw!$H:$H,Raw!$A:$A,"d8",Raw!$C:$C,"Trace1",Raw!$D:$D,"discard") -> 0.0014 | D22: =SUMIFS(Raw!$H:$H,Raw!$A:$A,"d8",Raw!$C:$C,"Trace2",Raw!$D:$D,"permit")-SUMIFS(Raw!$H:$H,Raw!$A:$A,"d8",Raw!$C:$C,"Trace2",Raw!$D:$D,"discard") -> 0.00892 | E22: =SUMIFS(Raw!$H:$H,Raw!$A:$A,"d8",Raw!$C:$C,"Trace3",Raw!$D:$D,"permit")-SUMIFS(Raw!$H:$H,Raw!$A:$A,"d8",Raw!$C:$C,"Trace3",Raw!$D:$D,"discard") -> 0.00768
A23: d16 | B23: 16 | C23: =SUMIFS(Raw!$H:$H,Raw!$A:$A,"d16",Raw!$C:$C,"Trace1",Raw!$D:$D,"permit")-SUMIFS(Raw!$H:$H,Raw!$A:$A,"d16",Raw!$C:$C,"Trace1",Raw!$D:$D,"discard") -> 0.00364 | D23: =SUMIFS(Raw!$H:$H,Raw!$A:$A,"d16",Raw!$C:$C,"Trace2",Raw!$D:$D,"permit")-SUMIFS(Raw!$H:$H,Raw!$A:$A,"d16",Raw!$C:$C,"Trace2",Raw!$D:$D,"discard") -> 0.01048 | E23: =SUMIFS(Raw!$H:$H,Raw!$A:$A,"d16",Raw!$C:$C,"Trace3",Raw!$D:$D,"permit")-SUMIFS(Raw!$H:$H,Raw!$A:$A,"d16",Raw!$C:$C,"Trace3",Raw!$D:$D,"discard") -> 0.01444
A24: d32 | B24: 32 | C24: =SUMIFS(Raw!$H:$H,Raw!$A:$A,"d32",Raw!$C:$C,"Trace1",Raw!$D:$D,"permit")-SUMIFS(Raw!$H:$H,Raw!$A:$A,"d32",Raw!$C:$C,"Trace1",Raw!$D:$D,"discard") -> 0.00364 | D24: =SUMIFS(Raw!$H:$H,Raw!$A:$A,"d32",Raw!$C:$C,"Trace2",Raw!$D:$D,"permit")-SUMIFS(Raw!$H:$H,Raw!$A:$A,"d32",Raw!$C:$C,"Trace2",Raw!$D:$D,"discard") -> 0.01048 | E24: =SUMIFS(Raw!$H:$H,Raw!$A:$A,"d32",Raw!$C:$C,"Trace3",Raw!$D:$D,"permit")-SUMIFS(Raw!$H:$H,Raw!$A:$A,"d32",Raw!$C:$C,"Trace3",Raw!$D:$D,"discard") -> 0.01444
A27: Observations
A28: STLB misses for prefetches grow with degree on all 3 traces.
A29: Speedup falls slightly with degree (geomean 0.99938 at degree 16).
A30: STLB pollution appears only in Permit, and grows with degree.
A31: The extra distance mostly adds useless page-cross prefetches.
A32: Degree 32 gives the same results as degree 16: the L1D prefetch queue has 16 entries.

Sheet SPEC17
A1: SPEC CPU 2017 screening (DPC-3 traces), Permit vs Discard, 25M warm-up + 25M simulated
A3: Table 6: IP-stride degree 3
A4: Trace | B4: IPC Discard | C4: IPC Permit | D4: Speedup (Permit / Discard) | E4: STLB MPKI Discard | F4: STLB MPKI Permit | G4: STLB misses for prefetches (Permit) | H4: Page-cross requests (Permit) | I4: Change in useful pf | J4: Change in useless pf
A5: 605.mcf_s-994B | B5: =SUMIFS(Raw!$G:$G,Raw!$A:$A,"s17_d3",Raw!$C:$C,$A5,Raw!$D:$D,"discard") -> 0.189574 | C5: =SUMIFS(Raw!$G:$G,Raw!$A:$A,"s17_d3",Raw!$C:$C,$A5,Raw!$D:$D,"permit") -> 0.189621 | D5: =C5/B5 -> 1.0002479 | E5: =SUMIFS(Raw!$H:$H,Raw!$A:$A,"s17_d3",Raw!$C:$C,$A5,Raw!$D:$D,"discard") -> 9.47328 | F5: =SUMIFS(Raw!$H:$H,Raw!$A:$A,"s17_d3",Raw!$C:$C,$A5,Raw!$D:$D,"permit") -> 9.47396 | G5: =SUMIFS(Raw!$I:$I,Raw!$A:$A,"s17_d3",Raw!$C:$C,$A5,Raw!$D:$D,"permit") -> 419 | H5: =SUMIFS(Raw!$J:$J,Raw!$A:$A,"s17_d3",Raw!$C:$C,$A5,Raw!$D:$D,"permit") -> 18686 | I5: =SUMIFS(Raw!$K:$K,Raw!$A:$A,"s17_d3",Raw!$C:$C,$A5,Raw!$D:$D,"permit")-SUMIFS(Raw!$K:$K,Raw!$A:$A,"s17_d3",Raw!$C:$C,$A5,Raw!$D:$D,"discard") -> 750 | J5: =SUMIFS(Raw!$L:$L,Raw!$A:$A,"s17_d3",Raw!$C:$C,$A5,Raw!$D:$D,"permit")-SUMIFS(Raw!$L:$L,Raw!$A:$A,"s17_d3",Raw!$C:$C,$A5,Raw!$D:$D,"discard") -> 1013
A6: 623.xalancbmk_s-10B | B6: =SUMIFS(Raw!$G:$G,Raw!$A:$A,"s17_d3",Raw!$C:$C,$A6,Raw!$D:$D,"discard") -> 0.274023 | C6: =SUMIFS(Raw!$G:$G,Raw!$A:$A,"s17_d3",Raw!$C:$C,$A6,Raw!$D:$D,"permit") -> 0.274223 | D6: =C6/B6 -> 1.0007299 | E6: =SUMIFS(Raw!$H:$H,Raw!$A:$A,"s17_d3",Raw!$C:$C,$A6,Raw!$D:$D,"discard") -> 5.0762 | F6: =SUMIFS(Raw!$H:$H,Raw!$A:$A,"s17_d3",Raw!$C:$C,$A6,Raw!$D:$D,"permit") -> 5.0764 | G6: =SUMIFS(Raw!$I:$I,Raw!$A:$A,"s17_d3",Raw!$C:$C,$A6,Raw!$D:$D,"permit") -> 916 | H6: =SUMIFS(Raw!$J:$J,Raw!$A:$A,"s17_d3",Raw!$C:$C,$A6,Raw!$D:$D,"permit") -> 9043 | I6: =SUMIFS(Raw!$K:$K,Raw!$A:$A,"s17_d3",Raw!$C:$C,$A6,Raw!$D:$D,"permit")-SUMIFS(Raw!$K:$K,Raw!$A:$A,"s17_d3",Raw!$C:$C,$A6,Raw!$D:$D,"discard") -> 944 | J6: =SUMIFS(Raw!$L:$L,Raw!$A:$A,"s17_d3",Raw!$C:$C,$A6,Raw!$D:$D,"permit")-SUMIFS(Raw!$L:$L,Raw!$A:$A,"s17_d3",Raw!$C:$C,$A6,Raw!$D:$D,"discard") -> 2415
A7: 620.omnetpp_s-141B | B7: =SUMIFS(Raw!$G:$G,Raw!$A:$A,"s17_d3",Raw!$C:$C,$A7,Raw!$D:$D,"discard") -> 0.21929 | C7: =SUMIFS(Raw!$G:$G,Raw!$A:$A,"s17_d3",Raw!$C:$C,$A7,Raw!$D:$D,"permit") -> 0.219294 | D7: =C7/B7 -> 1.0000182 | E7: =SUMIFS(Raw!$H:$H,Raw!$A:$A,"s17_d3",Raw!$C:$C,$A7,Raw!$D:$D,"discard") -> 4.94916 | F7: =SUMIFS(Raw!$H:$H,Raw!$A:$A,"s17_d3",Raw!$C:$C,$A7,Raw!$D:$D,"permit") -> 4.95528 | G7: =SUMIFS(Raw!$I:$I,Raw!$A:$A,"s17_d3",Raw!$C:$C,$A7,Raw!$D:$D,"permit") -> 171 | H7: =SUMIFS(Raw!$J:$J,Raw!$A:$A,"s17_d3",Raw!$C:$C,$A7,Raw!$D:$D,"permit") -> 1968 | I7: =SUMIFS(Raw!$K:$K,Raw!$A:$A,"s17_d3",Raw!$C:$C,$A7,Raw!$D:$D,"permit")-SUMIFS(Raw!$K:$K,Raw!$A:$A,"s17_d3",Raw!$C:$C,$A7,Raw!$D:$D,"discard") -> 75 | J7: =SUMIFS(Raw!$L:$L,Raw!$A:$A,"s17_d3",Raw!$C:$C,$A7,Raw!$D:$D,"permit")-SUMIFS(Raw!$L:$L,Raw!$A:$A,"s17_d3",Raw!$C:$C,$A7,Raw!$D:$D,"discard") -> 875
A8: 620.omnetpp_s-874B | B8: =SUMIFS(Raw!$G:$G,Raw!$A:$A,"s17_d3",Raw!$C:$C,$A8,Raw!$D:$D,"discard") -> 0.227718 | C8: =SUMIFS(Raw!$G:$G,Raw!$A:$A,"s17_d3",Raw!$C:$C,$A8,Raw!$D:$D,"permit") -> 0.227707 | D8: =C8/B8 -> 0.99995169 | E8: =SUMIFS(Raw!$H:$H,Raw!$A:$A,"s17_d3",Raw!$C:$C,$A8,Raw!$D:$D,"discard") -> 4.41024 | F8: =SUMIFS(Raw!$H:$H,Raw!$A:$A,"s17_d3",Raw!$C:$C,$A8,Raw!$D:$D,"permit") -> 4.42636 | G8: =SUMIFS(Raw!$I:$I,Raw!$A:$A,"s17_d3",Raw!$C:$C,$A8,Raw!$D:$D,"permit") -> 471 | H8: =SUMIFS(Raw!$J:$J,Raw!$A:$A,"s17_d3",Raw!$C:$C,$A8,Raw!$D:$D,"permit") -> 5206 | I8: =SUMIFS(Raw!$K:$K,Raw!$A:$A,"s17_d3",Raw!$C:$C,$A8,Raw!$D:$D,"permit")-SUMIFS(Raw!$K:$K,Raw!$A:$A,"s17_d3",Raw!$C:$C,$A8,Raw!$D:$D,"discard") -> 180 | J8: =SUMIFS(Raw!$L:$L,Raw!$A:$A,"s17_d3",Raw!$C:$C,$A8,Raw!$D:$D,"permit")-SUMIFS(Raw!$L:$L,Raw!$A:$A,"s17_d3",Raw!$C:$C,$A8,Raw!$D:$D,"discard") -> 1440
A9: 623.xalancbmk_s-700B | B9: =SUMIFS(Raw!$G:$G,Raw!$A:$A,"s17_d3",Raw!$C:$C,$A9,Raw!$D:$D,"discard") -> 0.343443 | C9: =SUMIFS(Raw!$G:$G,Raw!$A:$A,"s17_d3",Raw!$C:$C,$A9,Raw!$D:$D,"permit") -> 0.343436 | D9: =C9/B9 -> 0.99997962 | E9: =SUMIFS(Raw!$H:$H,Raw!$A:$A,"s17_d3",Raw!$C:$C,$A9,Raw!$D:$D,"discard") -> 1.37856 | F9: =SUMIFS(Raw!$H:$H,Raw!$A:$A,"s17_d3",Raw!$C:$C,$A9,Raw!$D:$D,"permit") -> 1.37764 | G9: =SUMIFS(Raw!$I:$I,Raw!$A:$A,"s17_d3",Raw!$C:$C,$A9,Raw!$D:$D,"permit") -> 382 | H9: =SUMIFS(Raw!$J:$J,Raw!$A:$A,"s17_d3",Raw!$C:$C,$A9,Raw!$D:$D,"permit") -> 145178 | I9: =SUMIFS(Raw!$K:$K,Raw!$A:$A,"s17_d3",Raw!$C:$C,$A9,Raw!$D:$D,"permit")-SUMIFS(Raw!$K:$K,Raw!$A:$A,"s17_d3",Raw!$C:$C,$A9,Raw!$D:$D,"discard") -> 2412 | J9: =SUMIFS(Raw!$L:$L,Raw!$A:$A,"s17_d3",Raw!$C:$C,$A9,Raw!$D:$D,"permit")-SUMIFS(Raw!$L:$L,Raw!$A:$A,"s17_d3",Raw!$C:$C,$A9,Raw!$D:$D,"discard") -> 1081
A10: 605.mcf_s-472B | B10: =SUMIFS(Raw!$G:$G,Raw!$A:$A,"s17_d3",Raw!$C:$C,$A10,Raw!$D:$D,"discard") -> 0.310437 | C10: =SUMIFS(Raw!$G:$G,Raw!$A:$A,"s17_d3",Raw!$C:$C,$A10,Raw!$D:$D,"permit") -> 0.314254 | D10: =C10/B10 -> 1.0122956 | E10: =SUMIFS(Raw!$H:$H,Raw!$A:$A,"s17_d3",Raw!$C:$C,$A10,Raw!$D:$D,"discard") -> 1.23708 | F10: =SUMIFS(Raw!$H:$H,Raw!$A:$A,"s17_d3",Raw!$C:$C,$A10,Raw!$D:$D,"permit") -> 1.23696 | G10: =SUMIFS(Raw!$I:$I,Raw!$A:$A,"s17_d3",Raw!$C:$C,$A10,Raw!$D:$D,"permit") -> 13988 | H10: =SUMIFS(Raw!$J:$J,Raw!$A:$A,"s17_d3",Raw!$C:$C,$A10,Raw!$D:$D,"permit") -> 150427 | I10: =SUMIFS(Raw!$K:$K,Raw!$A:$A,"s17_d3",Raw!$C:$C,$A10,Raw!$D:$D,"permit")-SUMIFS(Raw!$K:$K,Raw!$A:$A,"s17_d3",Raw!$C:$C,$A10,Raw!$D:$D,"discard") -> 9055 | J10: =SUMIFS(Raw!$L:$L,Raw!$A:$A,"s17_d3",Raw!$C:$C,$A10,Raw!$D:$D,"permit")-SUMIFS(Raw!$L:$L,Raw!$A:$A,"s17_d3",Raw!$C:$C,$A10,Raw!$D:$D,"discard") -> 9229
A11: 605.mcf_s-1554B | B11: =SUMIFS(Raw!$G:$G,Raw!$A:$A,"s17_d3",Raw!$C:$C,$A11,Raw!$D:$D,"discard") -> 0.20917 | C11: =SUMIFS(Raw!$G:$G,Raw!$A:$A,"s17_d3",Raw!$C:$C,$A11,Raw!$D:$D,"permit") -> 0.211647 | D11: =C11/B11 -> 1.011842 | E11: =SUMIFS(Raw!$H:$H,Raw!$A:$A,"s17_d3",Raw!$C:$C,$A11,Raw!$D:$D,"discard") -> 0.0868 | F11: =SUMIFS(Raw!$H:$H,Raw!$A:$A,"s17_d3",Raw!$C:$C,$A11,Raw!$D:$D,"permit") -> 0.0868 | G11: =SUMIFS(Raw!$I:$I,Raw!$A:$A,"s17_d3",Raw!$C:$C,$A11,Raw!$D:$D,"permit") -> 3 | H11: =SUMIFS(Raw!$J:$J,Raw!$A:$A,"s17_d3",Raw!$C:$C,$A11,Raw!$D:$D,"permit") -> 492785 | I11: =SUMIFS(Raw!$K:$K,Raw!$A:$A,"s17_d3",Raw!$C:$C,$A11,Raw!$D:$D,"permit")-SUMIFS(Raw!$K:$K,Raw!$A:$A,"s17_d3",Raw!$C:$C,$A11,Raw!$D:$D,"discard") -> 37393 | J11: =SUMIFS(Raw!$L:$L,Raw!$A:$A,"s17_d3",Raw!$C:$C,$A11,Raw!$D:$D,"permit")-SUMIFS(Raw!$L:$L,Raw!$A:$A,"s17_d3",Raw!$C:$C,$A11,Raw!$D:$D,"discard") -> 33487
A12: 602.gcc_s-734B | B12: =SUMIFS(Raw!$G:$G,Raw!$A:$A,"s17_d3",Raw!$C:$C,$A12,Raw!$D:$D,"discard") -> 0.416076 | C12: =SUMIFS(Raw!$G:$G,Raw!$A:$A,"s17_d3",Raw!$C:$C,$A12,Raw!$D:$D,"permit") -> 0.417827 | D12: =C12/B12 -> 1.0042084 | E12: =SUMIFS(Raw!$H:$H,Raw!$A:$A,"s17_d3",Raw!$C:$C,$A12,Raw!$D:$D,"discard") -> 0.20764 | F12: =SUMIFS(Raw!$H:$H,Raw!$A:$A,"s17_d3",Raw!$C:$C,$A12,Raw!$D:$D,"permit") -> 0.20768 | G12: =SUMIFS(Raw!$I:$I,Raw!$A:$A,"s17_d3",Raw!$C:$C,$A12,Raw!$D:$D,"permit") -> 2409 | H12: =SUMIFS(Raw!$J:$J,Raw!$A:$A,"s17_d3",Raw!$C:$C,$A12,Raw!$D:$D,"permit") -> 237144 | I12: =SUMIFS(Raw!$K:$K,Raw!$A:$A,"s17_d3",Raw!$C:$C,$A12,Raw!$D:$D,"permit")-SUMIFS(Raw!$K:$K,Raw!$A:$A,"s17_d3",Raw!$C:$C,$A12,Raw!$D:$D,"discard") -> 6144 | J12: =SUMIFS(Raw!$L:$L,Raw!$A:$A,"s17_d3",Raw!$C:$C,$A12,Raw!$D:$D,"permit")-SUMIFS(Raw!$L:$L,Raw!$A:$A,"s17_d3",Raw!$C:$C,$A12,Raw!$D:$D,"discard") -> 41
A13: 649.fotonik3d_s-1176B | B13: =SUMIFS(Raw!$G:$G,Raw!$A:$A,"s17_d3",Raw!$C:$C,$A13,Raw!$D:$D,"discard") -> 1.00005 | C13: =SUMIFS(Raw!$G:$G,Raw!$A:$A,"s17_d3",Raw!$C:$C,$A13,Raw!$D:$D,"permit") -> 1.0034 | D13: =C13/B13 -> 1.0033498 | E13: =SUMIFS(Raw!$H:$H,Raw!$A:$A,"s17_d3",Raw!$C:$C,$A13,Raw!$D:$D,"discard") -> 0.13744 | F13: =SUMIFS(Raw!$H:$H,Raw!$A:$A,"s17_d3",Raw!$C:$C,$A13,Raw!$D:$D,"permit") -> 0.13744 | G13: =SUMIFS(Raw!$I:$I,Raw!$A:$A,"s17_d3",Raw!$C:$C,$A13,Raw!$D:$D,"permit") -> 0 | H13: =SUMIFS(Raw!$J:$J,Raw!$A:$A,"s17_d3",Raw!$C:$C,$A13,Raw!$D:$D,"permit") -> 130858 | I13: =SUMIFS(Raw!$K:$K,Raw!$A:$A,"s17_d3",Raw!$C:$C,$A13,Raw!$D:$D,"permit")-SUMIFS(Raw!$K:$K,Raw!$A:$A,"s17_d3",Raw!$C:$C,$A13,Raw!$D:$D,"discard") -> 2199 | J13: =SUMIFS(Raw!$L:$L,Raw!$A:$A,"s17_d3",Raw!$C:$C,$A13,Raw!$D:$D,"permit")-SUMIFS(Raw!$L:$L,Raw!$A:$A,"s17_d3",Raw!$C:$C,$A13,Raw!$D:$D,"discard") -> 142
A14: 619.lbm_s-4268B | B14: =SUMIFS(Raw!$G:$G,Raw!$A:$A,"s17_d3",Raw!$C:$C,$A14,Raw!$D:$D,"discard") -> 0.447025 | C14: =SUMIFS(Raw!$G:$G,Raw!$A:$A,"s17_d3",Raw!$C:$C,$A14,Raw!$D:$D,"permit") -> 0.447816 | D14: =C14/B14 -> 1.0017695 | E14: =SUMIFS(Raw!$H:$H,Raw!$A:$A,"s17_d3",Raw!$C:$C,$A14,Raw!$D:$D,"discard") -> 0.73616 | F14: =SUMIFS(Raw!$H:$H,Raw!$A:$A,"s17_d3",Raw!$C:$C,$A14,Raw!$D:$D,"permit") -> 0.73616 | G14: =SUMIFS(Raw!$I:$I,Raw!$A:$A,"s17_d3",Raw!$C:$C,$A14,Raw!$D:$D,"permit") -> 0 | H14: =SUMIFS(Raw!$J:$J,Raw!$A:$A,"s17_d3",Raw!$C:$C,$A14,Raw!$D:$D,"permit") -> 68454 | I14: =SUMIFS(Raw!$K:$K,Raw!$A:$A,"s17_d3",Raw!$C:$C,$A14,Raw!$D:$D,"permit")-SUMIFS(Raw!$K:$K,Raw!$A:$A,"s17_d3",Raw!$C:$C,$A14,Raw!$D:$D,"discard") -> -68 | J14: =SUMIFS(Raw!$L:$L,Raw!$A:$A,"s17_d3",Raw!$C:$C,$A14,Raw!$D:$D,"permit")-SUMIFS(Raw!$L:$L,Raw!$A:$A,"s17_d3",Raw!$C:$C,$A14,Raw!$D:$D,"discard") -> 0
A15: 654.roms_s-842B | B15: =SUMIFS(Raw!$G:$G,Raw!$A:$A,"s17_d3",Raw!$C:$C,$A15,Raw!$D:$D,"discard") -> 0.706953 | C15: =SUMIFS(Raw!$G:$G,Raw!$A:$A,"s17_d3",Raw!$C:$C,$A15,Raw!$D:$D,"permit") -> 0.706953 | D15: =C15/B15 -> 1 | E15: =SUMIFS(Raw!$H:$H,Raw!$A:$A,"s17_d3",Raw!$C:$C,$A15,Raw!$D:$D,"discard") -> 0.00704 | F15: =SUMIFS(Raw!$H:$H,Raw!$A:$A,"s17_d3",Raw!$C:$C,$A15,Raw!$D:$D,"permit") -> 0.00704 | G15: =SUMIFS(Raw!$I:$I,Raw!$A:$A,"s17_d3",Raw!$C:$C,$A15,Raw!$D:$D,"permit") -> 0 | H15: =SUMIFS(Raw!$J:$J,Raw!$A:$A,"s17_d3",Raw!$C:$C,$A15,Raw!$D:$D,"permit") -> 335 | I15: =SUMIFS(Raw!$K:$K,Raw!$A:$A,"s17_d3",Raw!$C:$C,$A15,Raw!$D:$D,"permit")-SUMIFS(Raw!$K:$K,Raw!$A:$A,"s17_d3",Raw!$C:$C,$A15,Raw!$D:$D,"discard") -> 0 | J15: =SUMIFS(Raw!$L:$L,Raw!$A:$A,"s17_d3",Raw!$C:$C,$A15,Raw!$D:$D,"permit")-SUMIFS(Raw!$L:$L,Raw!$A:$A,"s17_d3",Raw!$C:$C,$A15,Raw!$D:$D,"discard") -> 0
A16: 607.cactuBSSN_s-2421B | B16: =SUMIFS(Raw!$G:$G,Raw!$A:$A,"s17_d3",Raw!$C:$C,$A16,Raw!$D:$D,"discard") -> 0.853385 | C16: =SUMIFS(Raw!$G:$G,Raw!$A:$A,"s17_d3",Raw!$C:$C,$A16,Raw!$D:$D,"permit") -> 0.853385 | D16: =C16/B16 -> 1 | E16: =SUMIFS(Raw!$H:$H,Raw!$A:$A,"s17_d3",Raw!$C:$C,$A16,Raw!$D:$D,"discard") -> 0.04072 | F16: =SUMIFS(Raw!$H:$H,Raw!$A:$A,"s17_d3",Raw!$C:$C,$A16,Raw!$D:$D,"permit") -> 0.04072 | G16: =SUMIFS(Raw!$I:$I,Raw!$A:$A,"s17_d3",Raw!$C:$C,$A16,Raw!$D:$D,"permit") -> 0 | H16: =SUMIFS(Raw!$J:$J,Raw!$A:$A,"s17_d3",Raw!$C:$C,$A16,Raw!$D:$D,"permit") -> 0 | I16: =SUMIFS(Raw!$K:$K,Raw!$A:$A,"s17_d3",Raw!$C:$C,$A16,Raw!$D:$D,"permit")-SUMIFS(Raw!$K:$K,Raw!$A:$A,"s17_d3",Raw!$C:$C,$A16,Raw!$D:$D,"discard") -> 0 | J16: =SUMIFS(Raw!$L:$L,Raw!$A:$A,"s17_d3",Raw!$C:$C,$A16,Raw!$D:$D,"permit")-SUMIFS(Raw!$L:$L,Raw!$A:$A,"s17_d3",Raw!$C:$C,$A16,Raw!$D:$D,"discard") -> 0
A17: Geomean | D17: =GEOMEAN(D5:D16) -> 1.0028567
A20: Table 7: IP-stride degree 16
A21: Trace | B21: IPC Discard | C21: IPC Permit | D21: Speedup (Permit / Discard) | E21: STLB MPKI Discard | F21: STLB MPKI Permit | G21: STLB misses for prefetches (Permit) | H21: Page-cross requests (Permit) | I21: Change in useful pf | J21: Change in useless pf
A22: 605.mcf_s-994B | B22: =SUMIFS(Raw!$G:$G,Raw!$A:$A,"s17_d16",Raw!$C:$C,$A22,Raw!$D:$D,"discard") -> 0.189704 | C22: =SUMIFS(Raw!$G:$G,Raw!$A:$A,"s17_d16",Raw!$C:$C,$A22,Raw!$D:$D,"permit") -> 0.189475 | D22: =C22/B22 -> 0.99879286 | E22: =SUMIFS(Raw!$H:$H,Raw!$A:$A,"s17_d16",Raw!$C:$C,$A22,Raw!$D:$D,"discard") -> 9.47324 | F22: =SUMIFS(Raw!$H:$H,Raw!$A:$A,"s17_d16",Raw!$C:$C,$A22,Raw!$D:$D,"permit") -> 9.48176 | G22: =SUMIFS(Raw!$I:$I,Raw!$A:$A,"s17_d16",Raw!$C:$C,$A22,Raw!$D:$D,"permit") -> 649 | H22: =SUMIFS(Raw!$J:$J,Raw!$A:$A,"s17_d16",Raw!$C:$C,$A22,Raw!$D:$D,"permit") -> 314490 | I22: =SUMIFS(Raw!$K:$K,Raw!$A:$A,"s17_d16",Raw!$C:$C,$A22,Raw!$D:$D,"permit")-SUMIFS(Raw!$K:$K,Raw!$A:$A,"s17_d16",Raw!$C:$C,$A22,Raw!$D:$D,"discard") -> 964 | J22: =SUMIFS(Raw!$L:$L,Raw!$A:$A,"s17_d16",Raw!$C:$C,$A22,Raw!$D:$D,"permit")-SUMIFS(Raw!$L:$L,Raw!$A:$A,"s17_d16",Raw!$C:$C,$A22,Raw!$D:$D,"discard") -> 5964
A23: 623.xalancbmk_s-10B | B23: =SUMIFS(Raw!$G:$G,Raw!$A:$A,"s17_d16",Raw!$C:$C,$A23,Raw!$D:$D,"discard") -> 0.274024 | C23: =SUMIFS(Raw!$G:$G,Raw!$A:$A,"s17_d16",Raw!$C:$C,$A23,Raw!$D:$D,"permit") -> 0.273936 | D23: =C23/B23 -> 0.99967886 | E23: =SUMIFS(Raw!$H:$H,Raw!$A:$A,"s17_d16",Raw!$C:$C,$A23,Raw!$D:$D,"discard") -> 5.0762 | F23: =SUMIFS(Raw!$H:$H,Raw!$A:$A,"s17_d16",Raw!$C:$C,$A23,Raw!$D:$D,"permit") -> 5.07908 | G23: =SUMIFS(Raw!$I:$I,Raw!$A:$A,"s17_d16",Raw!$C:$C,$A23,Raw!$D:$D,"permit") -> 4385 | H23: =SUMIFS(Raw!$J:$J,Raw!$A:$A,"s17_d16",Raw!$C:$C,$A23,Raw!$D:$D,"permit") -> 93751 | I23: =SUMIFS(Raw!$K:$K,Raw!$A:$A,"s17_d16",Raw!$C:$C,$A23,Raw!$D:$D,"permit")-SUMIFS(Raw!$K:$K,Raw!$A:$A,"s17_d16",Raw!$C:$C,$A23,Raw!$D:$D,"discard") -> 2402 | J23: =SUMIFS(Raw!$L:$L,Raw!$A:$A,"s17_d16",Raw!$C:$C,$A23,Raw!$D:$D,"permit")-SUMIFS(Raw!$L:$L,Raw!$A:$A,"s17_d16",Raw!$C:$C,$A23,Raw!$D:$D,"discard") -> 22121
A24: 620.omnetpp_s-141B | B24: =SUMIFS(Raw!$G:$G,Raw!$A:$A,"s17_d16",Raw!$C:$C,$A24,Raw!$D:$D,"discard") -> 0.219307 | C24: =SUMIFS(Raw!$G:$G,Raw!$A:$A,"s17_d16",Raw!$C:$C,$A24,Raw!$D:$D,"permit") -> 0.219315 | D24: =C24/B24 -> 1.0000365 | E24: =SUMIFS(Raw!$H:$H,Raw!$A:$A,"s17_d16",Raw!$C:$C,$A24,Raw!$D:$D,"discard") -> 4.94912 | F24: =SUMIFS(Raw!$H:$H,Raw!$A:$A,"s17_d16",Raw!$C:$C,$A24,Raw!$D:$D,"permit") -> 4.99864 | G24: =SUMIFS(Raw!$I:$I,Raw!$A:$A,"s17_d16",Raw!$C:$C,$A24,Raw!$D:$D,"permit") -> 1358 | H24: =SUMIFS(Raw!$J:$J,Raw!$A:$A,"s17_d16",Raw!$C:$C,$A24,Raw!$D:$D,"permit") -> 13858 | I24: =SUMIFS(Raw!$K:$K,Raw!$A:$A,"s17_d16",Raw!$C:$C,$A24,Raw!$D:$D,"permit")-SUMIFS(Raw!$K:$K,Raw!$A:$A,"s17_d16",Raw!$C:$C,$A24,Raw!$D:$D,"discard") -> 548 | J24: =SUMIFS(Raw!$L:$L,Raw!$A:$A,"s17_d16",Raw!$C:$C,$A24,Raw!$D:$D,"permit")-SUMIFS(Raw!$L:$L,Raw!$A:$A,"s17_d16",Raw!$C:$C,$A24,Raw!$D:$D,"discard") -> 7426
A25: 620.omnetpp_s-874B | B25: =SUMIFS(Raw!$G:$G,Raw!$A:$A,"s17_d16",Raw!$C:$C,$A25,Raw!$D:$D,"discard") -> 0.227762 | C25: =SUMIFS(Raw!$G:$G,Raw!$A:$A,"s17_d16",Raw!$C:$C,$A25,Raw!$D:$D,"permit") -> 0.22764 | D25: =C25/B25 -> 0.99946435 | E25: =SUMIFS(Raw!$H:$H,Raw!$A:$A,"s17_d16",Raw!$C:$C,$A25,Raw!$D:$D,"discard") -> 4.41024 | F25: =SUMIFS(Raw!$H:$H,Raw!$A:$A,"s17_d16",Raw!$C:$C,$A25,Raw!$D:$D,"permit") -> 4.53832 | G25: =SUMIFS(Raw!$I:$I,Raw!$A:$A,"s17_d16",Raw!$C:$C,$A25,Raw!$D:$D,"permit") -> 3327 | H25: =SUMIFS(Raw!$J:$J,Raw!$A:$A,"s17_d16",Raw!$C:$C,$A25,Raw!$D:$D,"permit") -> 29245 | I25: =SUMIFS(Raw!$K:$K,Raw!$A:$A,"s17_d16",Raw!$C:$C,$A25,Raw!$D:$D,"permit")-SUMIFS(Raw!$K:$K,Raw!$A:$A,"s17_d16",Raw!$C:$C,$A25,Raw!$D:$D,"discard") -> 634 | J25: =SUMIFS(Raw!$L:$L,Raw!$A:$A,"s17_d16",Raw!$C:$C,$A25,Raw!$D:$D,"permit")-SUMIFS(Raw!$L:$L,Raw!$A:$A,"s17_d16",Raw!$C:$C,$A25,Raw!$D:$D,"discard") -> 10191
A26: 623.xalancbmk_s-700B | B26: =SUMIFS(Raw!$G:$G,Raw!$A:$A,"s17_d16",Raw!$C:$C,$A26,Raw!$D:$D,"discard") -> 0.342227 | C26: =SUMIFS(Raw!$G:$G,Raw!$A:$A,"s17_d16",Raw!$C:$C,$A26,Raw!$D:$D,"permit") -> 0.34196 | D26: =C26/B26 -> 0.99921982 | E26: =SUMIFS(Raw!$H:$H,Raw!$A:$A,"s17_d16",Raw!$C:$C,$A26,Raw!$D:$D,"discard") -> 1.37856 | F26: =SUMIFS(Raw!$H:$H,Raw!$A:$A,"s17_d16",Raw!$C:$C,$A26,Raw!$D:$D,"permit") -> 1.37588 | G26: =SUMIFS(Raw!$I:$I,Raw!$A:$A,"s17_d16",Raw!$C:$C,$A26,Raw!$D:$D,"permit") -> 426 | H26: =SUMIFS(Raw!$J:$J,Raw!$A:$A,"s17_d16",Raw!$C:$C,$A26,Raw!$D:$D,"permit") -> 1767287 | I26: =SUMIFS(Raw!$K:$K,Raw!$A:$A,"s17_d16",Raw!$C:$C,$A26,Raw!$D:$D,"permit")-SUMIFS(Raw!$K:$K,Raw!$A:$A,"s17_d16",Raw!$C:$C,$A26,Raw!$D:$D,"discard") -> 3644 | J26: =SUMIFS(Raw!$L:$L,Raw!$A:$A,"s17_d16",Raw!$C:$C,$A26,Raw!$D:$D,"permit")-SUMIFS(Raw!$L:$L,Raw!$A:$A,"s17_d16",Raw!$C:$C,$A26,Raw!$D:$D,"discard") -> 11531
A27: 605.mcf_s-472B | B27: =SUMIFS(Raw!$G:$G,Raw!$A:$A,"s17_d16",Raw!$C:$C,$A27,Raw!$D:$D,"discard") -> 0.347293 | C27: =SUMIFS(Raw!$G:$G,Raw!$A:$A,"s17_d16",Raw!$C:$C,$A27,Raw!$D:$D,"permit") -> 0.366974 | D27: =C27/B27 -> 1.0566697 | E27: =SUMIFS(Raw!$H:$H,Raw!$A:$A,"s17_d16",Raw!$C:$C,$A27,Raw!$D:$D,"discard") -> 1.23708 | F27: =SUMIFS(Raw!$H:$H,Raw!$A:$A,"s17_d16",Raw!$C:$C,$A27,Raw!$D:$D,"permit") -> 1.23664 | G27: =SUMIFS(Raw!$I:$I,Raw!$A:$A,"s17_d16",Raw!$C:$C,$A27,Raw!$D:$D,"permit") -> 24412 | H27: =SUMIFS(Raw!$J:$J,Raw!$A:$A,"s17_d16",Raw!$C:$C,$A27,Raw!$D:$D,"permit") -> 1324480 | I27: =SUMIFS(Raw!$K:$K,Raw!$A:$A,"s17_d16",Raw!$C:$C,$A27,Raw!$D:$D,"permit")-SUMIFS(Raw!$K:$K,Raw!$A:$A,"s17_d16",Raw!$C:$C,$A27,Raw!$D:$D,"discard") -> 40383 | J27: =SUMIFS(Raw!$L:$L,Raw!$A:$A,"s17_d16",Raw!$C:$C,$A27,Raw!$D:$D,"permit")-SUMIFS(Raw!$L:$L,Raw!$A:$A,"s17_d16",Raw!$C:$C,$A27,Raw!$D:$D,"discard") -> 37714
A28: 605.mcf_s-1554B | B28: =SUMIFS(Raw!$G:$G,Raw!$A:$A,"s17_d16",Raw!$C:$C,$A28,Raw!$D:$D,"discard") -> 0.256082 | C28: =SUMIFS(Raw!$G:$G,Raw!$A:$A,"s17_d16",Raw!$C:$C,$A28,Raw!$D:$D,"permit") -> 0.280262 | D28: =C28/B28 -> 1.0944229 | E28: =SUMIFS(Raw!$H:$H,Raw!$A:$A,"s17_d16",Raw!$C:$C,$A28,Raw!$D:$D,"discard") -> 0.08676 | F28: =SUMIFS(Raw!$H:$H,Raw!$A:$A,"s17_d16",Raw!$C:$C,$A28,Raw!$D:$D,"permit") -> 0.08676 | G28: =SUMIFS(Raw!$I:$I,Raw!$A:$A,"s17_d16",Raw!$C:$C,$A28,Raw!$D:$D,"permit") -> 11 | H28: =SUMIFS(Raw!$J:$J,Raw!$A:$A,"s17_d16",Raw!$C:$C,$A28,Raw!$D:$D,"permit") -> 4371349 | I28: =SUMIFS(Raw!$K:$K,Raw!$A:$A,"s17_d16",Raw!$C:$C,$A28,Raw!$D:$D,"permit")-SUMIFS(Raw!$K:$K,Raw!$A:$A,"s17_d16",Raw!$C:$C,$A28,Raw!$D:$D,"discard") -> 142448 | J28: =SUMIFS(Raw!$L:$L,Raw!$A:$A,"s17_d16",Raw!$C:$C,$A28,Raw!$D:$D,"permit")-SUMIFS(Raw!$L:$L,Raw!$A:$A,"s17_d16",Raw!$C:$C,$A28,Raw!$D:$D,"discard") -> 134786
A29: 602.gcc_s-734B | B29: =SUMIFS(Raw!$G:$G,Raw!$A:$A,"s17_d16",Raw!$C:$C,$A29,Raw!$D:$D,"discard") -> 0.417077 | C29: =SUMIFS(Raw!$G:$G,Raw!$A:$A,"s17_d16",Raw!$C:$C,$A29,Raw!$D:$D,"permit") -> 0.418979 | D29: =C29/B29 -> 1.0045603 | E29: =SUMIFS(Raw!$H:$H,Raw!$A:$A,"s17_d16",Raw!$C:$C,$A29,Raw!$D:$D,"discard") -> 0.20764 | F29: =SUMIFS(Raw!$H:$H,Raw!$A:$A,"s17_d16",Raw!$C:$C,$A29,Raw!$D:$D,"permit") -> 0.20796 | G29: =SUMIFS(Raw!$I:$I,Raw!$A:$A,"s17_d16",Raw!$C:$C,$A29,Raw!$D:$D,"permit") -> 2456 | H29: =SUMIFS(Raw!$J:$J,Raw!$A:$A,"s17_d16",Raw!$C:$C,$A29,Raw!$D:$D,"permit") -> 2920278 | I29: =SUMIFS(Raw!$K:$K,Raw!$A:$A,"s17_d16",Raw!$C:$C,$A29,Raw!$D:$D,"permit")-SUMIFS(Raw!$K:$K,Raw!$A:$A,"s17_d16",Raw!$C:$C,$A29,Raw!$D:$D,"discard") -> 6068 | J29: =SUMIFS(Raw!$L:$L,Raw!$A:$A,"s17_d16",Raw!$C:$C,$A29,Raw!$D:$D,"permit")-SUMIFS(Raw!$L:$L,Raw!$A:$A,"s17_d16",Raw!$C:$C,$A29,Raw!$D:$D,"discard") -> 710
A30: 649.fotonik3d_s-1176B | B30: =SUMIFS(Raw!$G:$G,Raw!$A:$A,"s17_d16",Raw!$C:$C,$A30,Raw!$D:$D,"discard") -> 1.00012 | C30: =SUMIFS(Raw!$G:$G,Raw!$A:$A,"s17_d16",Raw!$C:$C,$A30,Raw!$D:$D,"permit") -> 1.00332 | D30: =C30/B30 -> 1.0031996 | E30: =SUMIFS(Raw!$H:$H,Raw!$A:$A,"s17_d16",Raw!$C:$C,$A30,Raw!$D:$D,"discard") -> 0.13744 | F30: =SUMIFS(Raw!$H:$H,Raw!$A:$A,"s17_d16",Raw!$C:$C,$A30,Raw!$D:$D,"permit") -> 0.13744 | G30: =SUMIFS(Raw!$I:$I,Raw!$A:$A,"s17_d16",Raw!$C:$C,$A30,Raw!$D:$D,"permit") -> 0 | H30: =SUMIFS(Raw!$J:$J,Raw!$A:$A,"s17_d16",Raw!$C:$C,$A30,Raw!$D:$D,"permit") -> 1612667 | I30: =SUMIFS(Raw!$K:$K,Raw!$A:$A,"s17_d16",Raw!$C:$C,$A30,Raw!$D:$D,"permit")-SUMIFS(Raw!$K:$K,Raw!$A:$A,"s17_d16",Raw!$C:$C,$A30,Raw!$D:$D,"discard") -> 2086 | J30: =SUMIFS(Raw!$L:$L,Raw!$A:$A,"s17_d16",Raw!$C:$C,$A30,Raw!$D:$D,"permit")-SUMIFS(Raw!$L:$L,Raw!$A:$A,"s17_d16",Raw!$C:$C,$A30,Raw!$D:$D,"discard") -> 1045
A31: 619.lbm_s-4268B | B31: =SUMIFS(Raw!$G:$G,Raw!$A:$A,"s17_d16",Raw!$C:$C,$A31,Raw!$D:$D,"discard") -> 0.450905 | C31: =SUMIFS(Raw!$G:$G,Raw!$A:$A,"s17_d16",Raw!$C:$C,$A31,Raw!$D:$D,"permit") -> 0.449601 | D31: =C31/B31 -> 0.99710804 | E31: =SUMIFS(Raw!$H:$H,Raw!$A:$A,"s17_d16",Raw!$C:$C,$A31,Raw!$D:$D,"discard") -> 0.73616 | F31: =SUMIFS(Raw!$H:$H,Raw!$A:$A,"s17_d16",Raw!$C:$C,$A31,Raw!$D:$D,"permit") -> 0.73616 | G31: =SUMIFS(Raw!$I:$I,Raw!$A:$A,"s17_d16",Raw!$C:$C,$A31,Raw!$D:$D,"permit") -> 0 | H31: =SUMIFS(Raw!$J:$J,Raw!$A:$A,"s17_d16",Raw!$C:$C,$A31,Raw!$D:$D,"permit") -> 629283 | I31: =SUMIFS(Raw!$K:$K,Raw!$A:$A,"s17_d16",Raw!$C:$C,$A31,Raw!$D:$D,"permit")-SUMIFS(Raw!$K:$K,Raw!$A:$A,"s17_d16",Raw!$C:$C,$A31,Raw!$D:$D,"discard") -> -612 | J31: =SUMIFS(Raw!$L:$L,Raw!$A:$A,"s17_d16",Raw!$C:$C,$A31,Raw!$D:$D,"permit")-SUMIFS(Raw!$L:$L,Raw!$A:$A,"s17_d16",Raw!$C:$C,$A31,Raw!$D:$D,"discard") -> 0
A32: 654.roms_s-842B | B32: =SUMIFS(Raw!$G:$G,Raw!$A:$A,"s17_d16",Raw!$C:$C,$A32,Raw!$D:$D,"discard") -> 0.706953 | C32: =SUMIFS(Raw!$G:$G,Raw!$A:$A,"s17_d16",Raw!$C:$C,$A32,Raw!$D:$D,"permit") -> 0.706953 | D32: =C32/B32 -> 1 | E32: =SUMIFS(Raw!$H:$H,Raw!$A:$A,"s17_d16",Raw!$C:$C,$A32,Raw!$D:$D,"discard") -> 0.00704 | F32: =SUMIFS(Raw!$H:$H,Raw!$A:$A,"s17_d16",Raw!$C:$C,$A32,Raw!$D:$D,"permit") -> 0.00704 | G32: =SUMIFS(Raw!$I:$I,Raw!$A:$A,"s17_d16",Raw!$C:$C,$A32,Raw!$D:$D,"permit") -> 0 | H32: =SUMIFS(Raw!$J:$J,Raw!$A:$A,"s17_d16",Raw!$C:$C,$A32,Raw!$D:$D,"permit") -> 8201 | I32: =SUMIFS(Raw!$K:$K,Raw!$A:$A,"s17_d16",Raw!$C:$C,$A32,Raw!$D:$D,"permit")-SUMIFS(Raw!$K:$K,Raw!$A:$A,"s17_d16",Raw!$C:$C,$A32,Raw!$D:$D,"discard") -> 0 | J32: =SUMIFS(Raw!$L:$L,Raw!$A:$A,"s17_d16",Raw!$C:$C,$A32,Raw!$D:$D,"permit")-SUMIFS(Raw!$L:$L,Raw!$A:$A,"s17_d16",Raw!$C:$C,$A32,Raw!$D:$D,"discard") -> 0
A33: 607.cactuBSSN_s-2421B | B33: =SUMIFS(Raw!$G:$G,Raw!$A:$A,"s17_d16",Raw!$C:$C,$A33,Raw!$D:$D,"discard") -> 0.853385 | C33: =SUMIFS(Raw!$G:$G,Raw!$A:$A,"s17_d16",Raw!$C:$C,$A33,Raw!$D:$D,"permit") -> 0.853385 | D33: =C33/B33 -> 1 | E33: =SUMIFS(Raw!$H:$H,Raw!$A:$A,"s17_d16",Raw!$C:$C,$A33,Raw!$D:$D,"discard") -> 0.04072 | F33: =SUMIFS(Raw!$H:$H,Raw!$A:$A,"s17_d16",Raw!$C:$C,$A33,Raw!$D:$D,"permit") -> 0.04072 | G33: =SUMIFS(Raw!$I:$I,Raw!$A:$A,"s17_d16",Raw!$C:$C,$A33,Raw!$D:$D,"permit") -> 0 | H33: =SUMIFS(Raw!$J:$J,Raw!$A:$A,"s17_d16",Raw!$C:$C,$A33,Raw!$D:$D,"permit") -> 0 | I33: =SUMIFS(Raw!$K:$K,Raw!$A:$A,"s17_d16",Raw!$C:$C,$A33,Raw!$D:$D,"permit")-SUMIFS(Raw!$K:$K,Raw!$A:$A,"s17_d16",Raw!$C:$C,$A33,Raw!$D:$D,"discard") -> 0 | J33: =SUMIFS(Raw!$L:$L,Raw!$A:$A,"s17_d16",Raw!$C:$C,$A33,Raw!$D:$D,"permit")-SUMIFS(Raw!$L:$L,Raw!$A:$A,"s17_d16",Raw!$C:$C,$A33,Raw!$D:$D,"discard") -> 0
A34: Geomean | D34: =GEOMEAN(D22:D33) -> 1.0123581
A37: Observations
A38: mcf-1554B and mcf-472B gain the most, and gain more at degree 16 than at degree 3.
A39: lbm gains at degree 3 (+0.18%) but loses at degree 16 (-0.29%): the best distance depends on the workload.
A40: xalancbmk-700B: STLB MPKI drops slightly with Permit.
A41: roms and cactuBSSN: IP-stride issues almost no prefetches, so Discard and Permit give the same IPC. Dropped.
A42: Final set: mcf-1554B, mcf-472B, fotonik3d (crossing helps), mcf-994B, omnetpp-874B, xalancbmk-10B (STLB MPKI 4 to 8).

Sheet Final
A1: Final set: 6 SPEC CPU 2017 traces, IP-stride degree 16, 50M warm-up + 100M simulated
A3: Table 8: Permit vs Discard
A4: Trace | B4: IPC Discard | C4: IPC Permit | D4: Speedup (Permit / Discard) | E4: STLB MPKI Discard | F4: STLB MPKI Permit | G4: STLB MPKI change | H4: STLB misses for prefetches (Permit) | I4: Page-cross requests (Permit) | J4: Change in useful pf | K4: Change in useless pf | L4: Change in late pf | M4: Useless per useful (change)
A5: 605.mcf_s-1554B | B5: =SUMIFS(Raw!$G:$G,Raw!$A:$A,"final_d16",Raw!$C:$C,$A5,Raw!$D:$D,"discard") -> 0.258067 | C5: =SUMIFS(Raw!$G:$G,Raw!$A:$A,"final_d16",Raw!$C:$C,$A5,Raw!$D:$D,"permit") -> 0.281558 | D5: =C5/B5 -> 1.0910267 | E5: =SUMIFS(Raw!$H:$H,Raw!$A:$A,"final_d16",Raw!$C:$C,$A5,Raw!$D:$D,"discard") -> 0.08036 | F5: =SUMIFS(Raw!$H:$H,Raw!$A:$A,"final_d16",Raw!$C:$C,$A5,Raw!$D:$D,"permit") -> 0.08036 | G5: =F5/E5-1 -> 0 | H5: =SUMIFS(Raw!$I:$I,Raw!$A:$A,"final_d16",Raw!$C:$C,$A5,Raw!$D:$D,"permit") -> 189 | I5: =SUMIFS(Raw!$J:$J,Raw!$A:$A,"final_d16",Raw!$C:$C,$A5,Raw!$D:$D,"permit") -> 14876057 | J5: =SUMIFS(Raw!$K:$K,Raw!$A:$A,"final_d16",Raw!$C:$C,$A5,Raw!$D:$D,"permit")-SUMIFS(Raw!$K:$K,Raw!$A:$A,"final_d16",Raw!$C:$C,$A5,Raw!$D:$D,"discard") -> 541992 | K5: =SUMIFS(Raw!$L:$L,Raw!$A:$A,"final_d16",Raw!$C:$C,$A5,Raw!$D:$D,"permit")-SUMIFS(Raw!$L:$L,Raw!$A:$A,"final_d16",Raw!$C:$C,$A5,Raw!$D:$D,"discard") -> 529502 | L5: =SUMIFS(Raw!$M:$M,Raw!$A:$A,"final_d16",Raw!$C:$C,$A5,Raw!$D:$D,"permit")-SUMIFS(Raw!$M:$M,Raw!$A:$A,"final_d16",Raw!$C:$C,$A5,Raw!$D:$D,"discard") -> 15551 | M5: =K5/J5 -> 0.97695538
A6: 605.mcf_s-472B | B6: =SUMIFS(Raw!$G:$G,Raw!$A:$A,"final_d16",Raw!$C:$C,$A6,Raw!$D:$D,"discard") -> 0.352812 | C6: =SUMIFS(Raw!$G:$G,Raw!$A:$A,"final_d16",Raw!$C:$C,$A6,Raw!$D:$D,"permit") -> 0.375748 | D6: =C6/B6 -> 1.0650091 | E6: =SUMIFS(Raw!$H:$H,Raw!$A:$A,"final_d16",Raw!$C:$C,$A6,Raw!$D:$D,"discard") -> 1.29704 | F6: =SUMIFS(Raw!$H:$H,Raw!$A:$A,"final_d16",Raw!$C:$C,$A6,Raw!$D:$D,"permit") -> 1.2964 | G6: =F6/E6-1 -> -0.0004934312 | H6: =SUMIFS(Raw!$I:$I,Raw!$A:$A,"final_d16",Raw!$C:$C,$A6,Raw!$D:$D,"permit") -> 107430 | I6: =SUMIFS(Raw!$J:$J,Raw!$A:$A,"final_d16",Raw!$C:$C,$A6,Raw!$D:$D,"permit") -> 4398148 | J6: =SUMIFS(Raw!$K:$K,Raw!$A:$A,"final_d16",Raw!$C:$C,$A6,Raw!$D:$D,"permit")-SUMIFS(Raw!$K:$K,Raw!$A:$A,"final_d16",Raw!$C:$C,$A6,Raw!$D:$D,"discard") -> 181336 | K6: =SUMIFS(Raw!$L:$L,Raw!$A:$A,"final_d16",Raw!$C:$C,$A6,Raw!$D:$D,"permit")-SUMIFS(Raw!$L:$L,Raw!$A:$A,"final_d16",Raw!$C:$C,$A6,Raw!$D:$D,"discard") -> 168069 | L6: =SUMIFS(Raw!$M:$M,Raw!$A:$A,"final_d16",Raw!$C:$C,$A6,Raw!$D:$D,"permit")-SUMIFS(Raw!$M:$M,Raw!$A:$A,"final_d16",Raw!$C:$C,$A6,Raw!$D:$D,"discard") -> 8620 | M6: =K6/J6 -> 0.92683747
A7: 649.fotonik3d_s-1176B | B7: =SUMIFS(Raw!$G:$G,Raw!$A:$A,"final_d16",Raw!$C:$C,$A7,Raw!$D:$D,"discard") -> 1.00024 | C7: =SUMIFS(Raw!$G:$G,Raw!$A:$A,"final_d16",Raw!$C:$C,$A7,Raw!$D:$D,"permit") -> 1.00343 | D7: =C7/B7 -> 1.0031892 | E7: =SUMIFS(Raw!$H:$H,Raw!$A:$A,"final_d16",Raw!$C:$C,$A7,Raw!$D:$D,"discard") -> 0.13718 | F7: =SUMIFS(Raw!$H:$H,Raw!$A:$A,"final_d16",Raw!$C:$C,$A7,Raw!$D:$D,"permit") -> 0.13718 | G7: =F7/E7-1 -> 0 | H7: =SUMIFS(Raw!$I:$I,Raw!$A:$A,"final_d16",Raw!$C:$C,$A7,Raw!$D:$D,"permit") -> 0 | I7: =SUMIFS(Raw!$J:$J,Raw!$A:$A,"final_d16",Raw!$C:$C,$A7,Raw!$D:$D,"permit") -> 4892149 | J7: =SUMIFS(Raw!$K:$K,Raw!$A:$A,"final_d16",Raw!$C:$C,$A7,Raw!$D:$D,"permit")-SUMIFS(Raw!$K:$K,Raw!$A:$A,"final_d16",Raw!$C:$C,$A7,Raw!$D:$D,"discard") -> 8288 | K7: =SUMIFS(Raw!$L:$L,Raw!$A:$A,"final_d16",Raw!$C:$C,$A7,Raw!$D:$D,"permit")-SUMIFS(Raw!$L:$L,Raw!$A:$A,"final_d16",Raw!$C:$C,$A7,Raw!$D:$D,"discard") -> 4192 | L7: =SUMIFS(Raw!$M:$M,Raw!$A:$A,"final_d16",Raw!$C:$C,$A7,Raw!$D:$D,"permit")-SUMIFS(Raw!$M:$M,Raw!$A:$A,"final_d16",Raw!$C:$C,$A7,Raw!$D:$D,"discard") -> 1525 | M7: =K7/J7 -> 0.50579151
A8: 605.mcf_s-994B | B8: =SUMIFS(Raw!$G:$G,Raw!$A:$A,"final_d16",Raw!$C:$C,$A8,Raw!$D:$D,"discard") -> 0.246287 | C8: =SUMIFS(Raw!$G:$G,Raw!$A:$A,"final_d16",Raw!$C:$C,$A8,Raw!$D:$D,"permit") -> 0.245883 | D8: =C8/B8 -> 0.99835964 | E8: =SUMIFS(Raw!$H:$H,Raw!$A:$A,"final_d16",Raw!$C:$C,$A8,Raw!$D:$D,"discard") -> 8.0781 | F8: =SUMIFS(Raw!$H:$H,Raw!$A:$A,"final_d16",Raw!$C:$C,$A8,Raw!$D:$D,"permit") -> 8.10952 | G8: =F8/E8-1 -> 0.0038895285 | H8: =SUMIFS(Raw!$I:$I,Raw!$A:$A,"final_d16",Raw!$C:$C,$A8,Raw!$D:$D,"permit") -> 4464 | I8: =SUMIFS(Raw!$J:$J,Raw!$A:$A,"final_d16",Raw!$C:$C,$A8,Raw!$D:$D,"permit") -> 953407 | J8: =SUMIFS(Raw!$K:$K,Raw!$A:$A,"final_d16",Raw!$C:$C,$A8,Raw!$D:$D,"permit")-SUMIFS(Raw!$K:$K,Raw!$A:$A,"final_d16",Raw!$C:$C,$A8,Raw!$D:$D,"discard") -> 4508 | K8: =SUMIFS(Raw!$L:$L,Raw!$A:$A,"final_d16",Raw!$C:$C,$A8,Raw!$D:$D,"permit")-SUMIFS(Raw!$L:$L,Raw!$A:$A,"final_d16",Raw!$C:$C,$A8,Raw!$D:$D,"discard") -> 36722 | L8: =SUMIFS(Raw!$M:$M,Raw!$A:$A,"final_d16",Raw!$C:$C,$A8,Raw!$D:$D,"permit")-SUMIFS(Raw!$M:$M,Raw!$A:$A,"final_d16",Raw!$C:$C,$A8,Raw!$D:$D,"discard") -> -26 | M8: =K8/J8 -> 8.1459627
A9: 620.omnetpp_s-874B | B9: =SUMIFS(Raw!$G:$G,Raw!$A:$A,"final_d16",Raw!$C:$C,$A9,Raw!$D:$D,"discard") -> 0.231895 | C9: =SUMIFS(Raw!$G:$G,Raw!$A:$A,"final_d16",Raw!$C:$C,$A9,Raw!$D:$D,"permit") -> 0.231696 | D9: =C9/B9 -> 0.99914185 | E9: =SUMIFS(Raw!$H:$H,Raw!$A:$A,"final_d16",Raw!$C:$C,$A9,Raw!$D:$D,"discard") -> 4.28014 | F9: =SUMIFS(Raw!$H:$H,Raw!$A:$A,"final_d16",Raw!$C:$C,$A9,Raw!$D:$D,"permit") -> 4.43962 | G9: =F9/E9-1 -> 0.037260463 | H9: =SUMIFS(Raw!$I:$I,Raw!$A:$A,"final_d16",Raw!$C:$C,$A9,Raw!$D:$D,"permit") -> 16137 | I9: =SUMIFS(Raw!$J:$J,Raw!$A:$A,"final_d16",Raw!$C:$C,$A9,Raw!$D:$D,"permit") -> 100895 | J9: =SUMIFS(Raw!$K:$K,Raw!$A:$A,"final_d16",Raw!$C:$C,$A9,Raw!$D:$D,"permit")-SUMIFS(Raw!$K:$K,Raw!$A:$A,"final_d16",Raw!$C:$C,$A9,Raw!$D:$D,"discard") -> 2566 | K9: =SUMIFS(Raw!$L:$L,Raw!$A:$A,"final_d16",Raw!$C:$C,$A9,Raw!$D:$D,"permit")-SUMIFS(Raw!$L:$L,Raw!$A:$A,"final_d16",Raw!$C:$C,$A9,Raw!$D:$D,"discard") -> 44366 | L9: =SUMIFS(Raw!$M:$M,Raw!$A:$A,"final_d16",Raw!$C:$C,$A9,Raw!$D:$D,"permit")-SUMIFS(Raw!$M:$M,Raw!$A:$A,"final_d16",Raw!$C:$C,$A9,Raw!$D:$D,"discard") -> 53 | M9: =K9/J9 -> 17.289945
A10: 623.xalancbmk_s-10B | B10: =SUMIFS(Raw!$G:$G,Raw!$A:$A,"final_d16",Raw!$C:$C,$A10,Raw!$D:$D,"discard") -> 0.280348 | C10: =SUMIFS(Raw!$G:$G,Raw!$A:$A,"final_d16",Raw!$C:$C,$A10,Raw!$D:$D,"permit") -> 0.280339 | D10: =C10/B10 -> 0.9999679 | E10: =SUMIFS(Raw!$H:$H,Raw!$A:$A,"final_d16",Raw!$C:$C,$A10,Raw!$D:$D,"discard") -> 4.8135 | F10: =SUMIFS(Raw!$H:$H,Raw!$A:$A,"final_d16",Raw!$C:$C,$A10,Raw!$D:$D,"permit") -> 4.82193 | G10: =F10/E10-1 -> 0.0017513244 | H10: =SUMIFS(Raw!$I:$I,Raw!$A:$A,"final_d16",Raw!$C:$C,$A10,Raw!$D:$D,"permit") -> 17721 | I10: =SUMIFS(Raw!$J:$J,Raw!$A:$A,"final_d16",Raw!$C:$C,$A10,Raw!$D:$D,"permit") -> 412496 | J10: =SUMIFS(Raw!$K:$K,Raw!$A:$A,"final_d16",Raw!$C:$C,$A10,Raw!$D:$D,"permit")-SUMIFS(Raw!$K:$K,Raw!$A:$A,"final_d16",Raw!$C:$C,$A10,Raw!$D:$D,"discard") -> 12044 | K10: =SUMIFS(Raw!$L:$L,Raw!$A:$A,"final_d16",Raw!$C:$C,$A10,Raw!$D:$D,"permit")-SUMIFS(Raw!$L:$L,Raw!$A:$A,"final_d16",Raw!$C:$C,$A10,Raw!$D:$D,"discard") -> 108475 | L10: =SUMIFS(Raw!$M:$M,Raw!$A:$A,"final_d16",Raw!$C:$C,$A10,Raw!$D:$D,"permit")-SUMIFS(Raw!$M:$M,Raw!$A:$A,"final_d16",Raw!$C:$C,$A10,Raw!$D:$D,"discard") -> 76 | M10: =K10/J10 -> 9.0065593
A11: Geomean | D11: =GEOMEAN(D5:D10) -> 1.025444
A13: Observations
A14: Page-crossing helps mcf-1554B (9.1%), mcf-472B (6.5%) and fotonik3d (0.3%). Geomean 1.025.
A15: Where it helps, about half of the new page-cross prefetches are useful.
A16: Where it hurts, there are 8 to 17 new useless prefetches per useful one, and the loss is below 0.2%.
A17: STLB pollution shows up only where crossing already hurts (up to +3.7% STLB MPKI on omnetpp-874B).
A18: mcf-472B gains 6.5% despite 107K page walks for prefetches.
A38: Table 9: normal vs free translation for L1D prefetches
A39: Trace | B39: Speedup Permit/Discard (normal) | C39: Speedup Permit/Discard (free translation) | D39: Permit IPC: free / normal | E39: Discard IPC: free / normal | F39: Page-cross requests (normal) | G39: Page-cross requests (free) | H39: Late pf Permit (normal) | I39: Late pf Permit (free) | J39: STLB MPKI Permit (normal) | K39: STLB MPKI Permit (free)
A40: 605.mcf_s-1554B | B40: =SUMIFS(Raw!$G:$G,Raw!$A:$A,"final_d16",Raw!$C:$C,$A40,Raw!$D:$D,"permit")/SUMIFS(Raw!$G:$G,Raw!$A:$A,"final_d16",Raw!$C:$C,$A40,Raw!$D:$D,"discard") -> 1.0910267 | C40: =SUMIFS(Raw!$G:$G,Raw!$A:$A,"final_d16free",Raw!$C:$C,$A40,Raw!$D:$D,"permit")/SUMIFS(Raw!$G:$G,Raw!$A:$A,"final_d16free",Raw!$C:$C,$A40,Raw!$D:$D,"discard") -> 1.1273378 | D40: =SUMIFS(Raw!$G:$G,Raw!$A:$A,"final_d16free",Raw!$C:$C,$A40,Raw!$D:$D,"permit")/SUMIFS(Raw!$G:$G,Raw!$A:$A,"final_d16",Raw!$C:$C,$A40,Raw!$D:$D,"permit") -> 1.0438879 | E40: =SUMIFS(Raw!$G:$G,Raw!$A:$A,"final_d16free",Raw!$C:$C,$A40,Raw!$D:$D,"discard")/SUMIFS(Raw!$G:$G,Raw!$A:$A,"final_d16",Raw!$C:$C,$A40,Raw!$D:$D,"discard") -> 1.0102648 | F40: =SUMIFS(Raw!$J:$J,Raw!$A:$A,"final_d16",Raw!$C:$C,$A40,Raw!$D:$D,"permit") -> 14876057 | G40: =SUMIFS(Raw!$J:$J,Raw!$A:$A,"final_d16free",Raw!$C:$C,$A40,Raw!$D:$D,"permit") -> 17725177 | H40: =SUMIFS(Raw!$M:$M,Raw!$A:$A,"final_d16",Raw!$C:$C,$A40,Raw!$D:$D,"permit") -> 251609 | I40: =SUMIFS(Raw!$M:$M,Raw!$A:$A,"final_d16free",Raw!$C:$C,$A40,Raw!$D:$D,"permit") -> 161556 | J40: =SUMIFS(Raw!$H:$H,Raw!$A:$A,"final_d16",Raw!$C:$C,$A40,Raw!$D:$D,"permit") -> 0.08036 | K40: =SUMIFS(Raw!$H:$H,Raw!$A:$A,"final_d16free",Raw!$C:$C,$A40,Raw!$D:$D,"permit") -> 0.08037
A41: 605.mcf_s-472B | B41: =SUMIFS(Raw!$G:$G,Raw!$A:$A,"final_d16",Raw!$C:$C,$A41,Raw!$D:$D,"permit")/SUMIFS(Raw!$G:$G,Raw!$A:$A,"final_d16",Raw!$C:$C,$A41,Raw!$D:$D,"discard") -> 1.0650091 | C41: =SUMIFS(Raw!$G:$G,Raw!$A:$A,"final_d16free",Raw!$C:$C,$A41,Raw!$D:$D,"permit")/SUMIFS(Raw!$G:$G,Raw!$A:$A,"final_d16free",Raw!$C:$C,$A41,Raw!$D:$D,"discard") -> 1.063586 | D41: =SUMIFS(Raw!$G:$G,Raw!$A:$A,"final_d16free",Raw!$C:$C,$A41,Raw!$D:$D,"permit")/SUMIFS(Raw!$G:$G,Raw!$A:$A,"final_d16",Raw!$C:$C,$A41,Raw!$D:$D,"permit") -> 1.000849 | E41: =SUMIFS(Raw!$G:$G,Raw!$A:$A,"final_d16free",Raw!$C:$C,$A41,Raw!$D:$D,"discard")/SUMIFS(Raw!$G:$G,Raw!$A:$A,"final_d16",Raw!$C:$C,$A41,Raw!$D:$D,"discard") -> 1.0021881 | F41: =SUMIFS(Raw!$J:$J,Raw!$A:$A,"final_d16",Raw!$C:$C,$A41,Raw!$D:$D,"permit") -> 4398148 | G41: =SUMIFS(Raw!$J:$J,Raw!$A:$A,"final_d16free",Raw!$C:$C,$A41,Raw!$D:$D,"permit") -> 5237711 | H41: =SUMIFS(Raw!$M:$M,Raw!$A:$A,"final_d16",Raw!$C:$C,$A41,Raw!$D:$D,"permit") -> 69465 | I41: =SUMIFS(Raw!$M:$M,Raw!$A:$A,"final_d16free",Raw!$C:$C,$A41,Raw!$D:$D,"permit") -> 45524 | J41: =SUMIFS(Raw!$H:$H,Raw!$A:$A,"final_d16",Raw!$C:$C,$A41,Raw!$D:$D,"permit") -> 1.2964 | K41: =SUMIFS(Raw!$H:$H,Raw!$A:$A,"final_d16free",Raw!$C:$C,$A41,Raw!$D:$D,"permit") -> 1.29818
A42: 649.fotonik3d_s-1176B | B42: =SUMIFS(Raw!$G:$G,Raw!$A:$A,"final_d16",Raw!$C:$C,$A42,Raw!$D:$D,"permit")/SUMIFS(Raw!$G:$G,Raw!$A:$A,"final_d16",Raw!$C:$C,$A42,Raw!$D:$D,"discard") -> 1.0031892 | C42: =SUMIFS(Raw!$G:$G,Raw!$A:$A,"final_d16free",Raw!$C:$C,$A42,Raw!$D:$D,"permit")/SUMIFS(Raw!$G:$G,Raw!$A:$A,"final_d16free",Raw!$C:$C,$A42,Raw!$D:$D,"discard") -> 0.99998001 | D42: =SUMIFS(Raw!$G:$G,Raw!$A:$A,"final_d16free",Raw!$C:$C,$A42,Raw!$D:$D,"permit")/SUMIFS(Raw!$G:$G,Raw!$A:$A,"final_d16",Raw!$C:$C,$A42,Raw!$D:$D,"permit") -> 0.99683087 | E42: =SUMIFS(Raw!$G:$G,Raw!$A:$A,"final_d16free",Raw!$C:$C,$A42,Raw!$D:$D,"discard")/SUMIFS(Raw!$G:$G,Raw!$A:$A,"final_d16",Raw!$C:$C,$A42,Raw!$D:$D,"discard") -> 1.00003 | F42: =SUMIFS(Raw!$J:$J,Raw!$A:$A,"final_d16",Raw!$C:$C,$A42,Raw!$D:$D,"permit") -> 4892149 | G42: =SUMIFS(Raw!$J:$J,Raw!$A:$A,"final_d16free",Raw!$C:$C,$A42,Raw!$D:$D,"permit") -> 5946826 | H42: =SUMIFS(Raw!$M:$M,Raw!$A:$A,"final_d16",Raw!$C:$C,$A42,Raw!$D:$D,"permit") -> 10728 | I42: =SUMIFS(Raw!$M:$M,Raw!$A:$A,"final_d16free",Raw!$C:$C,$A42,Raw!$D:$D,"permit") -> 8796 | J42: =SUMIFS(Raw!$H:$H,Raw!$A:$A,"final_d16",Raw!$C:$C,$A42,Raw!$D:$D,"permit") -> 0.13718 | K42: =SUMIFS(Raw!$H:$H,Raw!$A:$A,"final_d16free",Raw!$C:$C,$A42,Raw!$D:$D,"permit") -> 0.13718
A43: 605.mcf_s-994B | B43: =SUMIFS(Raw!$G:$G,Raw!$A:$A,"final_d16",Raw!$C:$C,$A43,Raw!$D:$D,"permit")/SUMIFS(Raw!$G:$G,Raw!$A:$A,"final_d16",Raw!$C:$C,$A43,Raw!$D:$D,"discard") -> 0.99835964 | C43: =SUMIFS(Raw!$G:$G,Raw!$A:$A,"final_d16free",Raw!$C:$C,$A43,Raw!$D:$D,"permit")/SUMIFS(Raw!$G:$G,Raw!$A:$A,"final_d16free",Raw!$C:$C,$A43,Raw!$D:$D,"discard") -> 0.99805943 | D43: =SUMIFS(Raw!$G:$G,Raw!$A:$A,"final_d16free",Raw!$C:$C,$A43,Raw!$D:$D,"permit")/SUMIFS(Raw!$G:$G,Raw!$A:$A,"final_d16",Raw!$C:$C,$A43,Raw!$D:$D,"permit") -> 0.99983325 | E43: =SUMIFS(Raw!$G:$G,Raw!$A:$A,"final_d16free",Raw!$C:$C,$A43,Raw!$D:$D,"discard")/SUMIFS(Raw!$G:$G,Raw!$A:$A,"final_d16",Raw!$C:$C,$A43,Raw!$D:$D,"discard") -> 1.000134 | F43: =SUMIFS(Raw!$J:$J,Raw!$A:$A,"final_d16",Raw!$C:$C,$A43,Raw!$D:$D,"permit") -> 953407 | G43: =SUMIFS(Raw!$J:$J,Raw!$A:$A,"final_d16free",Raw!$C:$C,$A43,Raw!$D:$D,"permit") -> 975989 | H43: =SUMIFS(Raw!$M:$M,Raw!$A:$A,"final_d16",Raw!$C:$C,$A43,Raw!$D:$D,"permit") -> 68 | I43: =SUMIFS(Raw!$M:$M,Raw!$A:$A,"final_d16free",Raw!$C:$C,$A43,Raw!$D:$D,"permit") -> 63 | J43: =SUMIFS(Raw!$H:$H,Raw!$A:$A,"final_d16",Raw!$C:$C,$A43,Raw!$D:$D,"permit") -> 8.10952 | K43: =SUMIFS(Raw!$H:$H,Raw!$A:$A,"final_d16free",Raw!$C:$C,$A43,Raw!$D:$D,"permit") -> 8.07643
A44: 620.omnetpp_s-874B | B44: =SUMIFS(Raw!$G:$G,Raw!$A:$A,"final_d16",Raw!$C:$C,$A44,Raw!$D:$D,"permit")/SUMIFS(Raw!$G:$G,Raw!$A:$A,"final_d16",Raw!$C:$C,$A44,Raw!$D:$D,"discard") -> 0.99914185 | C44: =SUMIFS(Raw!$G:$G,Raw!$A:$A,"final_d16free",Raw!$C:$C,$A44,Raw!$D:$D,"permit")/SUMIFS(Raw!$G:$G,Raw!$A:$A,"final_d16free",Raw!$C:$C,$A44,Raw!$D:$D,"discard") -> 0.99892624 | D44: =SUMIFS(Raw!$G:$G,Raw!$A:$A,"final_d16free",Raw!$C:$C,$A44,Raw!$D:$D,"permit")/SUMIFS(Raw!$G:$G,Raw!$A:$A,"final_d16",Raw!$C:$C,$A44,Raw!$D:$D,"permit") -> 0.99978852 | E44: =SUMIFS(Raw!$G:$G,Raw!$A:$A,"final_d16free",Raw!$C:$C,$A44,Raw!$D:$D,"discard")/SUMIFS(Raw!$G:$G,Raw!$A:$A,"final_d16",Raw!$C:$C,$A44,Raw!$D:$D,"discard") -> 1.0000043 | F44: =SUMIFS(Raw!$J:$J,Raw!$A:$A,"final_d16",Raw!$C:$C,$A44,Raw!$D:$D,"permit") -> 100895 | G44: =SUMIFS(Raw!$J:$J,Raw!$A:$A,"final_d16free",Raw!$C:$C,$A44,Raw!$D:$D,"permit") -> 107925 | H44: =SUMIFS(Raw!$M:$M,Raw!$A:$A,"final_d16",Raw!$C:$C,$A44,Raw!$D:$D,"permit") -> 95 | I44: =SUMIFS(Raw!$M:$M,Raw!$A:$A,"final_d16free",Raw!$C:$C,$A44,Raw!$D:$D,"permit") -> 106 | J44: =SUMIFS(Raw!$H:$H,Raw!$A:$A,"final_d16",Raw!$C:$C,$A44,Raw!$D:$D,"permit") -> 4.43962 | K44: =SUMIFS(Raw!$H:$H,Raw!$A:$A,"final_d16free",Raw!$C:$C,$A44,Raw!$D:$D,"permit") -> 4.28021
A45: 623.xalancbmk_s-10B | B45: =SUMIFS(Raw!$G:$G,Raw!$A:$A,"final_d16",Raw!$C:$C,$A45,Raw!$D:$D,"permit")/SUMIFS(Raw!$G:$G,Raw!$A:$A,"final_d16",Raw!$C:$C,$A45,Raw!$D:$D,"discard") -> 0.9999679 | C45: =SUMIFS(Raw!$G:$G,Raw!$A:$A,"final_d16free",Raw!$C:$C,$A45,Raw!$D:$D,"permit")/SUMIFS(Raw!$G:$G,Raw!$A:$A,"final_d16free",Raw!$C:$C,$A45,Raw!$D:$D,"discard") -> 0.99808101 | D45: =SUMIFS(Raw!$G:$G,Raw!$A:$A,"final_d16free",Raw!$C:$C,$A45,Raw!$D:$D,"permit")/SUMIFS(Raw!$G:$G,Raw!$A:$A,"final_d16",Raw!$C:$C,$A45,Raw!$D:$D,"permit") -> 0.99814154 | E45: =SUMIFS(Raw!$G:$G,Raw!$A:$A,"final_d16free",Raw!$C:$C,$A45,Raw!$D:$D,"discard")/SUMIFS(Raw!$G:$G,Raw!$A:$A,"final_d16",Raw!$C:$C,$A45,Raw!$D:$D,"discard") -> 1.0000285 | F45: =SUMIFS(Raw!$J:$J,Raw!$A:$A,"final_d16",Raw!$C:$C,$A45,Raw!$D:$D,"permit") -> 412496 | G45: =SUMIFS(Raw!$J:$J,Raw!$A:$A,"final_d16free",Raw!$C:$C,$A45,Raw!$D:$D,"permit") -> 475887 | H45: =SUMIFS(Raw!$M:$M,Raw!$A:$A,"final_d16",Raw!$C:$C,$A45,Raw!$D:$D,"permit") -> 822 | I45: =SUMIFS(Raw!$M:$M,Raw!$A:$A,"final_d16free",Raw!$C:$C,$A45,Raw!$D:$D,"permit") -> 926 | J45: =SUMIFS(Raw!$H:$H,Raw!$A:$A,"final_d16",Raw!$C:$C,$A45,Raw!$D:$D,"permit") -> 4.82193 | K45: =SUMIFS(Raw!$H:$H,Raw!$A:$A,"final_d16free",Raw!$C:$C,$A45,Raw!$D:$D,"permit") -> 4.81354
A46: Geomean | B46: =GEOMEAN(B40:B45) -> 1.025444 | C46: =GEOMEAN(C40:C45) -> 1.0298618
A48: Observations
A49: Free translation adds 4.4% to Permit on mcf-1554B (speedup 1.091 to 1.127), with only 189 page walks. The cost is latency.
A50: mcf-1554B Permit: 20.7M prefetch requests refused for a full prefetch queue, vs 15.5M with free translation. Queue occupancy is about 50% higher.
A51: mcf-472B (107K walks) and omnetpp-874B (STLB pollution): free translation does not change IPC.
A52: xalancbmk-10B: free translation lets more useless prefetches through, and Permit loses 0.2%.
A53: fotonik3d: the 0.3% gain disappears with free translation. Not explained yet.
